lon,lat,height
-1.277753838982505243e+02,4.984826325411334125e+01,-6.523206427622031400e-01
-1.275796062890722311e+02,4.971663619744058593e+01,-4.725566368721124122e-01
-1.273811095464331515e+02,4.958318098720292255e+01,-7.564483801437791310e-01
-1.271826128037940578e+02,4.944972577696526628e+01,-1.623270729105727728e-01
-1.269841160611549640e+02,4.931627056672760290e+01,-1.404730466333168060e-01
-1.267856193185158702e+02,4.918281535648994662e+01,-1.326425864519245046e-01
-1.265871225758767764e+02,4.904936014625229035e+01,-1.426696786443175657e-01
-1.263886258332376826e+02,4.891590493601461986e+01,-1.832799155123369939e-01
-1.261901290905985746e+02,4.878244972577697069e+01,-1.457667390548986752e-01
-1.259916323479595093e+02,4.864899451553930021e+01,-1.107413162705682824e-01
-1.257958547387812303e+02,4.851736745886653779e+01,-8.915617376514438364e-02
-1.255973579961421365e+02,4.838391224862888862e+01,-1.366737093549109106e-01
-1.253988612535030285e+02,4.825045703839121813e+01,-1.150958061962986945e-01
-1.252003645108639347e+02,4.811700182815356186e+01,-2.144698642992032833e-01
-1.250181090527051992e+02,4.797811839323468064e+01,-1.122019683803690410e-01
-1.249513471730733727e+02,4.780063424947145023e+01,-1.088233215376090829e-01
-1.248845852934415603e+02,4.762315010570824114e+01,-1.166008090730015351e-01
-1.248178234138097338e+02,4.744566596194503205e+01,-1.852226001438354308e-01
-1.247510615341779356e+02,4.726818181818182296e+01,-1.323646267070065774e-01
-1.246842996545461091e+02,4.709069767441860677e+01,-9.973191709106549174e-02
-1.246184523212106257e+02,4.691564482029598793e+01,-1.076738002195119642e-01
-1.245516904415787991e+02,4.673816067653277173e+01,-1.122793391383324346e-01
-1.244849285619469725e+02,4.656067653276956264e+01,-1.929141761160500790e-01
-1.244181666823151460e+02,4.638319238900633934e+01,-1.112538341497478767e-01
-1.243514048026833620e+02,4.620570824524313025e+01,-1.161416737568510549e-01
-1.242846429230515071e+02,4.602822410147992827e+01,-1.135405171771803057e-01
-1.242178810434197089e+02,4.585073995771669786e+01,-1.117914504207299653e-01
-1.241708720771168544e+02,4.567269141531323129e+01,-1.035092985080448280e-01
-1.242351977132136795e+02,4.549146171693735141e+01,-1.434440902776014382e-01
-1.242995233493105189e+02,4.531023201856148575e+01,-1.808155232142941160e-01
-1.243629678123101314e+02,4.513148491879351099e+01,-3.014391724709969411e-01
-1.244272934484069566e+02,4.495025522041763111e+01,-2.467138586435363157e-01
-1.244916190845037818e+02,4.476902552204175834e+01,-1.566546486382010550e-01
-1.245460741238555897e+02,4.458646043165467887e+01,-1.416685649898281607e-01
-1.245680142562825665e+02,4.439949640287769483e+01,-1.018679044883111784e-01
-1.245899543887095575e+02,4.421253237410072501e+01,-1.040452185699920762e-01
-1.246118945211365343e+02,4.402556834532374808e+01,-1.413635971223000110e-01
-1.246338346535635395e+02,4.383860431654676404e+01,-3.099578981917242015e-01
-1.246557747859905021e+02,4.365164028776978711e+01,-3.788672068042331920e-01
-1.246777149184174789e+02,4.346467625899281018e+01,-3.605469971695207665e-01
-1.246993545010851818e+02,4.328027338129496826e+01,-1.991757414828987105e-01
-1.247212946335121728e+02,4.309330935251799133e+01,-1.997984025031160626e-01
-1.247432347659391496e+02,4.290634532374100729e+01,-1.566462512368285986e-01
-1.247342562299874658e+02,4.271960227272727195e+01,-3.281387382455672186e-01
-1.247119402292449735e+02,4.253295454545455101e+01,-3.016972270387208166e-01
-1.246896242285024812e+02,4.234630681818181586e+01,-2.311055601609875998e-01
-1.246673082277599889e+02,4.215965909090908781e+01,-4.940852011694297774e-01
-1.246449922270174966e+02,4.197301136363636687e+01,-5.311411239289813846e-01
-1.246226762262749901e+02,4.178636363636363882e+01,-6.403819023451610137e-01
-1.246080026915402073e+02,4.166363636363636402e+01,-7.178536126966353903e-01
-1.278939773118583645e+02,4.984826325411334125e+01,-8.845212193889606667e-01
-1.277001146445459199e+02,4.971663619744058593e+01,-7.518432851591688726e-01
-1.275035594401874732e+02,4.958318098720292255e+01,-6.891997595029233370e-01
-1.273070042358290124e+02,4.944972577696526628e+01,-7.310677925313799896e-01
-1.271104490314705799e+02,4.931627056672761000e+01,-1.743957910473726836e-01
-1.269138938271121191e+02,4.918281535648993952e+01,-1.909414100853177865e-01
-1.267173386227536582e+02,4.904936014625229035e+01,-1.688826518516199360e-01
-1.265207834183952116e+02,4.891590493601462697e+01,-1.998172980756134920e-01
-1.263242282140367507e+02,4.878244972577696359e+01,-2.060924908430212532e-01
-1.261276730096783041e+02,4.864899451553930021e+01,-1.474722585395650265e-01
-1.259338103423658595e+02,4.851736745886654489e+01,-1.103614533420897159e-01
-1.257372551380073986e+02,4.838391224862888862e+01,-1.430040420037657078e-01
-1.255406999336489520e+02,4.825045703839122524e+01,-1.377376169442010301e-01
-1.253441447292904911e+02,4.811700182815356186e+01,-1.307443874565724362e-01
-1.251634253518482041e+02,4.797811839323468064e+01,-1.563174525959442895e-01
-1.250953162991430077e+02,4.780063424947145734e+01,-2.232399605383723340e-01
-1.250272072464378112e+02,4.762315010570824825e+01,-1.779999999999999638e-01
-1.249590981937326148e+02,4.744566596194503205e+01,-5.745005109669003573e-01
-1.248909891410274184e+02,4.726818181818181586e+01,-4.217825610975925454e-01
-1.248228800883222220e+02,4.709069767441860677e+01,-1.404434755097029308e-01
-1.247557040363390399e+02,4.691564482029598082e+01,-1.414831805717063351e-01
-1.246875949836338435e+02,4.673816067653276463e+01,-1.406400409669723017e-01
-1.246194859309286471e+02,4.656067653276956264e+01,-2.614332092095337789e-01
-1.245513768782234507e+02,4.638319238900634645e+01,-1.469803822990270459e-01
-1.244832678255182685e+02,4.620570824524313025e+01,-1.336142992660323825e-01
-1.244151587728130579e+02,4.602822410147992116e+01,-1.388643211199549476e-01
-1.243470497201078757e+02,4.585073995771669786e+01,-1.465504061510339018e-01
-1.242983024981967901e+02,4.567269141531322418e+01,-1.451851991344598747e-01
-1.243586855953070511e+02,4.549146171693735852e+01,-1.816618285052315207e-01
-1.244190686924172837e+02,4.531023201856148575e+01,-3.761563618870718551e-01
-1.244786246238137011e+02,4.513148491879351099e+01,-3.711452539577441700e-01
-1.245390077209239479e+02,4.495025522041763821e+01,-4.315699178874632946e-01
-1.245993908180341947e+02,4.476902552204176544e+01,-2.709578849003118628e-01
-1.246505082904579922e+02,4.458646043165467887e+01,-2.937056486812519296e-01
-1.246711037050910562e+02,4.439949640287769483e+01,-1.189792139292850520e-01
-1.246916991197241344e+02,4.421253237410071790e+01,-1.125077697841726510e-01
-1.247122945343571985e+02,4.402556834532374097e+01,-1.231820143884914953e-01
-1.247328899489902767e+02,4.383860431654675693e+01,-3.625846043165553145e-01
-1.247534853636233407e+02,4.365164028776978711e+01,-5.864712036312756949e-01
-1.247740807782564190e+02,4.346467625899280307e+01,-5.204637231886138915e-01
-1.247943940639219136e+02,4.328027338129496115e+01,-4.693755672107775001e-01
-1.248149894785549776e+02,4.309330935251798422e+01,-2.262744864608263184e-01
-1.248355848931880558e+02,4.290634532374100729e+01,-2.279609792105123101e-01
-1.248271566546011400e+02,4.271960227272727195e+01,-5.652929176211300977e-01
-1.248062084087428616e+02,4.253295454545455101e+01,-4.602238897396256911e-01
-1.247852601628845974e+02,4.234630681818182296e+01,-6.182490140863337036e-01
-1.247643119170263191e+02,4.215965909090909491e+01,-6.337240808474653431e-01
-1.247433636711680407e+02,4.197301136363636687e+01,-7.004930581043599114e-01
-1.247224154253097623e+02,4.178636363636363171e+01,-7.861145083720517679e-01
-1.247086412362522481e+02,4.166363636363636402e+01,-8.411193512459962385e-01
-1.280156916047716606e+02,4.984826325411334835e+01,-1.371584764090442832e+00
-1.278237942725320551e+02,4.971663619744058593e+01,-1.110350606268222462e+00
-1.276292316995669154e+02,4.958318098720292255e+01,-7.071071527558318026e-01
-1.274346691266017473e+02,4.944972577696526628e+01,-1.182486553856682221e+00
-1.272401065536365650e+02,4.931627056672761000e+01,-7.655448200258483382e-01
-1.270455439806714111e+02,4.918281535648994662e+01,-4.157214830146693796e-01
-1.268509814077062572e+02,4.904936014625228324e+01,-2.947663868910950780e-01
-1.266564188347410749e+02,4.891590493601462697e+01,-5.895833688075754475e-01
-1.264618562617759352e+02,4.878244972577696359e+01,-2.801940888660713891e-01
-1.262672936888107529e+02,4.864899451553930732e+01,-3.955270556028502305e-01
-1.260753963565711473e+02,4.851736745886655200e+01,-1.709269354491018966e-01
-1.258808337836059792e+02,4.838391224862888862e+01,-2.188908424929258967e-01
-1.256862712106408111e+02,4.825045703839122524e+01,-3.336940257056526526e-01
-1.254917086376756430e+02,4.811700182815356897e+01,-1.382960661624939858e-01
-1.253125657641265320e+02,4.797811839323467353e+01,-3.504749516131583920e-01
-1.252430740864249969e+02,4.780063424947145734e+01,-6.014690528912495227e-01
-1.251735824087234477e+02,4.762315010570824825e+01,-5.889906121366326186e-01
-1.251040907310218842e+02,4.744566596194503205e+01,-1.186701236639166268e+00
-1.250345990533203633e+02,4.726818181818181586e+01,-6.314392694873814937e-01
-1.249651073756187998e+02,4.709069767441860677e+01,-3.140772860957474211e-01
-1.248965676387076655e+02,4.691564482029599503e+01,-2.522457852982674109e-01
-1.248270759610061162e+02,4.673816067653277173e+01,-2.312685604884596458e-01
-1.247575842833045527e+02,4.656067653276956264e+01,-8.618853538159396699e-01
-1.246880926056030319e+02,4.638319238900634645e+01,-1.159240530775210054e+00
-1.246186009279014968e+02,4.620570824524313025e+01,-2.095534752267911027e-01
-1.245491092501999049e+02,4.602822410147992116e+01,-1.562078574767024053e-01
-1.244796175724983698e+02,4.585073995771670496e+01,-1.507270312902559695e-01
-1.244290863514104046e+02,4.567269141531323129e+01,-1.761060365526045113e-01
-1.244854231585081124e+02,4.549146171693735141e+01,-3.456691338294544114e-01
-1.245417599656058059e+02,4.531023201856148575e+01,-4.118827570991450138e-01
-1.245973250356200026e+02,4.513148491879351099e+01,-3.814055955365659445e-01
-1.246536618427176961e+02,4.495025522041763111e+01,-4.409206819853629944e-01
-1.247099986498154323e+02,4.476902552204175834e+01,-2.681016280383904382e-01
-1.247576907246025399e+02,4.458646043165467177e+01,-3.325942631132460803e-01
-1.247769060341313434e+02,4.439949640287769483e+01,-1.902186841032392772e-01
-1.247961213436601327e+02,4.421253237410071790e+01,-1.001662778095230022e-01
-1.248153366531889361e+02,4.402556834532374097e+01,-9.563840646930943379e-02
-1.248345519627177396e+02,4.383860431654676404e+01,-3.674208284319219198e-01
-1.248537672722465288e+02,4.365164028776978711e+01,-8.424591942733122840e-01
-1.248729825817753181e+02,4.346467625899281018e+01,-6.552751311489206643e-01
-1.248919346678858915e+02,4.328027338129496826e+01,-4.937126840701722696e-01
-1.249111499774146949e+02,4.309330935251798422e+01,-5.599269246389663168e-01
-1.249303652869434842e+02,4.290634532374100729e+01,-5.629285046977634543e-01
-1.249225018272309597e+02,4.271960227272727195e+01,-7.604942675572323729e-01
-1.249029573298064975e+02,4.253295454545454390e+01,-1.255072184324165008e+00
-1.248834128323820067e+02,4.234630681818181586e+01,-1.033793491577316370e+00
-1.248638683349575302e+02,4.215965909090908781e+01,-8.501522205206676341e-01
-1.248443238375330679e+02,4.197301136363636687e+01,-8.943334166529622875e-01
-1.248247793401085772e+02,4.178636363636363882e+01,-9.238542398085775043e-01
-1.248119281637198981e+02,4.166363636363636402e+01,-8.743097180210848141e-01
-1.281436476562959399e+02,4.984826325411334835e+01,-2.161576217303356806e+00
-1.279538164455431399e+02,4.971663619744058593e+01,-2.099812551861787835e+00
-1.277613486901965985e+02,4.958318098720292255e+01,-1.300910431078009744e+00
-1.275688809348499717e+02,4.944972577696526628e+01,-1.731339588842252475e+00
-1.273764131795034160e+02,4.931627056672760290e+01,-1.365374997929079015e+00
-1.271839454241568319e+02,4.918281535648994662e+01,-1.289741581133092119e+00
-1.269914776688102620e+02,4.904936014625229035e+01,-7.936145174907344169e-01
-1.267990099134636779e+02,4.891590493601461986e+01,-8.799205953851597650e-01
-1.266065421581170938e+02,4.878244972577697069e+01,-5.347125670700859645e-01
-1.264140744027705239e+02,4.864899451553930732e+01,-8.667622302051004590e-01
-1.262242431920177239e+02,4.851736745886654489e+01,-6.571320663479365276e-01
-1.260317754366711540e+02,4.838391224862888151e+01,-3.335054720184780774e-01
-1.258393076813245699e+02,4.825045703839122524e+01,-3.077833667250352567e-01
-1.256468399259779716e+02,4.811700182815356897e+01,-1.875579154871407639e-01
-1.254693544026755490e+02,4.797811839323467353e+01,-1.712241451894766509e-01
-1.253984091961316949e+02,4.780063424947145734e+01,-7.355869369419466564e-01
-1.253274639895878124e+02,4.762315010570824114e+01,-8.738696583340965773e-01
-1.252565187830439442e+02,4.744566596194503916e+01,-9.666283359594551872e-01
-1.251855735765000617e+02,4.726818181818181586e+01,-1.063617939452963457e+00
-1.251146283699562076e+02,4.709069767441860677e+01,-1.431117709212501365e+00
-1.250446550155567564e+02,4.691564482029598082e+01,-5.900778892150808641e-01
-1.249737098090128882e+02,4.673816067653276463e+01,-6.950500362770729579e-01
-1.249027646024690057e+02,4.656067653276954843e+01,-8.873712073634637543e-01
-1.248318193959251232e+02,4.638319238900634645e+01,-1.356661476435069735e+00
-1.247608741893812692e+02,4.620570824524313025e+01,-9.904249061143602928e-01
-1.246899289828373725e+02,4.602822410147992116e+01,-2.104147794048496223e-01
-1.246189837762935042e+02,4.585073995771670496e+01,-1.740233367544110343e-01
-1.245665770688914051e+02,4.567269141531322418e+01,-2.237057912259444448e-01
-1.246186600839246381e+02,4.549146171693735852e+01,-4.636691436631877328e-01
-1.246707430989578853e+02,4.531023201856148575e+01,-4.905669748403799213e-01
-1.247221126480317537e+02,4.513148491879350388e+01,-3.581302364632731328e-01
-1.247741956630649867e+02,4.495025522041763821e+01,-5.409015836969672808e-01
-1.248262786780982623e+02,4.476902552204177255e+01,-4.794092179141529186e-01
-1.248703696938314636e+02,4.458646043165467177e+01,-5.181745855466380890e-01
-1.248881341236352398e+02,4.439949640287770194e+01,-4.959318048584005489e-01
-1.249058985534390303e+02,4.421253237410072501e+01,-1.255195195941359865e-01
-1.249236629832428207e+02,4.402556834532374097e+01,-1.763327123672629448e-01
-1.249414274130465969e+02,4.383860431654676404e+01,-8.016762906558779767e-01
-1.249591918428503590e+02,4.365164028776978711e+01,-9.038713099665296458e-01
-1.249769562726541636e+02,4.346467625899281018e+01,-1.143049599750728396e+00
-1.249944773541044611e+02,4.328027338129496826e+01,-9.406412336053265877e-01
-1.250122417839082516e+02,4.309330935251798422e+01,-1.137109339031797894e+00
-1.250300062137120278e+02,4.290634532374100729e+01,-1.232068962508373833e+00
-1.250227364958930991e+02,4.271960227272727195e+01,-1.262541065394390261e+00
-1.250046677340015719e+02,4.253295454545455101e+01,-1.740208836520495073e+00
-1.249865989721100732e+02,4.234630681818181586e+01,-1.581305237112881512e+00
-1.249685302102185744e+02,4.215965909090909491e+01,-1.175926642451235127e+00
-1.249504614483270899e+02,4.197301136363635976e+01,-9.296893707363521608e-01
-1.249323926864355627e+02,4.178636363636363882e+01,-1.065594702770406021e+00
-1.249205118566986954e+02,4.166363636363636402e+01,-9.542673534734663621e-01
-1.282778454664311312e+02,4.984826325411334835e+01,-2.080332292806922556e+00
-1.280901811635791603e+02,4.971663619744058593e+01,-2.279121695941725090e+00
-1.278999104120764656e+02,4.958318098720292255e+01,-1.702082131941034415e+00
-1.277096396605737709e+02,4.944972577696526628e+01,-1.939042815904366668e+00
-1.275193689090710620e+02,4.931627056672761000e+01,-1.847225596355050570e+00
-1.273290981575683531e+02,4.918281535648993952e+01,-1.480737901448831551e+00
-1.271388274060656727e+02,4.904936014625228324e+01,-1.445632142416243271e+00
-1.269485566545629638e+02,4.891590493601462697e+01,-1.027085442689449790e+00
-1.267582859030602833e+02,4.878244972577696359e+01,-1.250679317362563658e+00
-1.265680151515575744e+02,4.864899451553930732e+01,-1.143301013913297526e+00
-1.263803508487056035e+02,4.851736745886654489e+01,-1.176110338924738929e+00
-1.261900800972028946e+02,4.838391224862888862e+01,-6.971835641915253845e-01
-1.259998093457001858e+02,4.825045703839122524e+01,-8.237804564237216631e-01
-1.258095385941975053e+02,4.811700182815356186e+01,-7.779494867573897299e-01
-1.256337912674952690e+02,4.797811839323467353e+01,-4.143417033049763276e-01
-1.255613216282631157e+02,4.780063424947145734e+01,-1.132934882118875386e+00
-1.254888519890309624e+02,4.762315010570824825e+01,-1.154891259216809019e+00
-1.254163823497987948e+02,4.744566596194503205e+01,-1.458648574314672874e+00
-1.253439127105665989e+02,4.726818181818181586e+01,-1.715932549074209890e+00
-1.252714430713344598e+02,4.709069767441860677e+01,-1.710270640269989206e+00
-1.251999661668862842e+02,4.691564482029598082e+01,-8.679637361500404102e-01
-1.251274965276541309e+02,4.673816067653277173e+01,-8.429136848827261108e-01
-1.250550268884219491e+02,4.656067653276955554e+01,-9.785040768513838527e-01
-1.249825572491897816e+02,4.638319238900633934e+01,-1.390579956282422147e+00
-1.249100876099576141e+02,4.620570824524313025e+01,-8.151007792345432712e-01
-1.248376179707254465e+02,4.602822410147991405e+01,-5.143177091446661242e-01
-1.247651483314932790e+02,4.585073995771670496e+01,-4.969692701435948767e-01
-1.247107746506397348e+02,4.567269141531322418e+01,-4.846387302055245039e-01
-1.247583963715565858e+02,4.549146171693735141e+01,-5.654938875170287815e-01
-1.248060180924734368e+02,4.531023201856149285e+01,-7.001346261262827442e-01
-1.248529874610489543e+02,4.513148491879350388e+01,-7.120849532587515407e-01
-1.249006091819657911e+02,4.495025522041763111e+01,-5.861555617394711426e-01
-1.249482309028826279e+02,4.476902552204176544e+01,-4.891665390359280496e-01
-1.249885451981446920e+02,4.458646043165467887e+01,-9.023815846341003422e-01
-1.250047879736027454e+02,4.439949640287770194e+01,-6.682539406693190909e-01
-1.250210307490607988e+02,4.421253237410072501e+01,-7.410711929706850221e-01
-1.250372735245188380e+02,4.402556834532374097e+01,-1.256261171449102765e+00
-1.250535162999768772e+02,4.383860431654676404e+01,-1.217032780636163380e+00
-1.250697590754348880e+02,4.365164028776979421e+01,-1.206632159890415945e+00
-1.250860018508929556e+02,4.346467625899281018e+01,-1.176540524693976408e+00
-1.251020221225775799e+02,4.328027338129496826e+01,-1.033715124219098502e+00
-1.251182648980356191e+02,4.309330935251799133e+01,-1.678098565708398882e+00
-1.251345076734936725e+02,4.290634532374100729e+01,-1.801219053759790301e+00
-1.251278606605875154e+02,4.271960227272727195e+01,-2.252597914583741368e+00
-1.251113396213281135e+02,4.253295454545454390e+01,-1.858197958563507335e+00
-1.250948185820687826e+02,4.234630681818182296e+01,-2.824557111646436969e+00
-1.250782975428094090e+02,4.215965909090908781e+01,-1.733741457734780944e+00
-1.250617765035500639e+02,4.197301136363635976e+01,-1.106158993614967612e+00
-1.250452554642906904e+02,4.178636363636363882e+01,-1.366281878298510000e+00
-1.250343923151886543e+02,4.166363636363636402e+01,-1.317807281713323064e+00
-1.284182850351772629e+02,4.984826325411334835e+01,-2.119297081806200467e+00
-1.282328884266401019e+02,4.971663619744058593e+01,-2.141528646394928792e+00
-1.280449168652066021e+02,4.958318098720292966e+01,-2.238960567315528394e+00
-1.278569453037730455e+02,4.944972577696525917e+01,-2.428471394580875575e+00
-1.276689737423395457e+02,4.931627056672761000e+01,-2.370196681042799902e+00
-1.274810021809060174e+02,4.918281535648994662e+01,-1.849328870983557804e+00
-1.272930306194724892e+02,4.904936014625228324e+01,-1.812145358036084231e+00
-1.271050590580389894e+02,4.891590493601462697e+01,-1.652271078952336714e+00
-1.269170874966054612e+02,4.878244972577696359e+01,-1.505486698156120129e+00
-1.267291159351719614e+02,4.864899451553930021e+01,-1.401186385618705232e+00
-1.265437193266347862e+02,4.851736745886654489e+01,-1.534629495210650729e+00
-1.263557477652012722e+02,4.838391224862888862e+01,-1.193055283509127928e+00
-1.261677762037677439e+02,4.825045703839122524e+01,-1.515377234438612719e+00
-1.259798046423342157e+02,4.811700182815356186e+01,-1.395758378149674739e+00
-1.258058763585856923e+02,4.797811839323467353e+01,-9.632064902349629643e-01
-1.257318113828192594e+02,4.780063424947145734e+01,-1.337307033713622584e+00
-1.256577464070528265e+02,4.762315010570824825e+01,-1.372926262260711017e+00
-1.255836814312864078e+02,4.744566596194503205e+01,-1.461740713543202785e+00
-1.255096164555199749e+02,4.726818181818181586e+01,-1.696601141584297645e+00
-1.254355514797535704e+02,4.709069767441860677e+01,-1.785889329069123788e+00
-1.253625010926962631e+02,4.691564482029598082e+01,-1.952718537632479601e+00
-1.252884361169298302e+02,4.673816067653277173e+01,-1.254824283450914679e+00
-1.252143711411633973e+02,4.656067653276955554e+01,-1.787408421149809357e+00
-1.251403061653969644e+02,4.638319238900634645e+01,-1.619416164797610191e+00
-1.250662411896305599e+02,4.620570824524313025e+01,-1.353270393540072503e+00
-1.249921762138641128e+02,4.602822410147991405e+01,-1.223981456474596774e+00
-1.249181112380977083e+02,4.585073995771670496e+01,-8.934674770044001013e-01
-1.248616790966554504e+02,4.567269141531322418e+01,-1.030280290922493736e+00
-1.249046320214039838e+02,4.549146171693735852e+01,-1.191010891525556836e+00
-1.249475849461525172e+02,4.531023201856149285e+01,-1.109194852598944347e+00
-1.249899494746716044e+02,4.513148491879350388e+01,-1.008193030360486020e+00
-1.250329023994201378e+02,4.495025522041763821e+01,-1.046046678023343945e+00
-1.250758553241686570e+02,4.476902552204175834e+01,-1.381296264767633453e+00
-1.251122172375422963e+02,4.458646043165467887e+01,-9.448204836760801806e-01
-1.251268675840338176e+02,4.439949640287769483e+01,-1.154583051408567318e+00
-1.251415179305253957e+02,4.421253237410072501e+01,-1.469902348378489876e+00
-1.251561682770169739e+02,4.402556834532374097e+01,-1.549739679349545263e+00
-1.251708186235085520e+02,4.383860431654676404e+01,-1.602236855747395605e+00
-1.251854689700001018e+02,4.365164028776978711e+01,-1.565205751100276377e+00
-1.252001193164916799e+02,4.346467625899280307e+01,-1.618500210747527479e+00
-1.252145689733052762e+02,4.328027338129496115e+01,-1.846167374489604329e+00
-1.252292193197968686e+02,4.309330935251799133e+01,-2.333841743457814921e+00
-1.252438696662884325e+02,4.290634532374100729e+01,-3.056015555497927139e+00
-1.252378743213142087e+02,4.271960227272727195e+01,-3.072468116639033298e+00
-1.252229729917861505e+02,4.253295454545454390e+01,-3.021410517256575723e+00
-1.252080716622581065e+02,4.234630681818182296e+01,-3.095000000000000195e+00
-1.251931703327300482e+02,4.215965909090908781e+01,-2.251475191424187727e+00
-1.251782690032020184e+02,4.197301136363636687e+01,-2.121017468644783133e+00
-1.251633676736739460e+02,4.178636363636363171e+01,-2.578738858162583636e+00
-1.251535695391897463e+02,4.166363636363636402e+01,-2.631535066381425203e+00
-1.285649663625343351e+02,4.984826325411334125e+01,-1.636190487352377154e+00
-1.283819382347259648e+02,4.971663619744058593e+01,-2.225116731130981407e+00
-1.281963680495869085e+02,4.958318098720292255e+01,-2.349390310786105385e+00
-1.280107978644478806e+02,4.944972577696526628e+01,-2.412290934157389710e+00
-1.278252276793088384e+02,4.931627056672760290e+01,-2.460485777917134076e+00
-1.276396574941697963e+02,4.918281535648995373e+01,-1.636144495743614646e+00
-1.274540873090307542e+02,4.904936014625228324e+01,-2.075788083966285225e+00
-1.272685171238917121e+02,4.891590493601462697e+01,-2.055530593847236354e+00
-1.270829469387526558e+02,4.878244972577696359e+01,-1.929002612114430804e+00
-1.268973767536136279e+02,4.864899451553930732e+01,-1.289327356067803354e+00
-1.267143486258052576e+02,4.851736745886654489e+01,-1.446798803332228101e+00
-1.265287784406662013e+02,4.838391224862888862e+01,-1.433934493316973535e+00
-1.263432082555271734e+02,4.825045703839122524e+01,-1.601178703116759250e+00
-1.261576380703881171e+02,4.811700182815356897e+01,-1.515300217871113908e+00
-1.259856096759467619e+02,4.797811839323467353e+01,-1.493777249401014640e+00
-1.259098784598001117e+02,4.780063424947145734e+01,-1.656737644698361933e+00
-1.258341472436534616e+02,4.762315010570824825e+01,-1.508159973870291770e+00
-1.257584160275067973e+02,4.744566596194503205e+01,-1.637760694749004209e+00
-1.256826848113601613e+02,4.726818181818181586e+01,-1.716863636363636481e+00
-1.256069535952134970e+02,4.709069767441860677e+01,-1.607418292202066779e+00
-1.255322597929866788e+02,4.691564482029598793e+01,-1.875122264726595933e+00
-1.254565285768400145e+02,4.673816067653277173e+01,-2.027866189924023566e+00
-1.253807973606933643e+02,4.656067653276955554e+01,-1.899440152102845447e+00
-1.253050661445467284e+02,4.638319238900634645e+01,-1.776184606180386982e+00
-1.252293349284000641e+02,4.620570824524313025e+01,-1.671539675384390300e+00
-1.251536037122534140e+02,4.602822410147992116e+01,-1.448263577326384555e+00
-1.250778724961067780e+02,4.585073995771670496e+01,-1.553302175032152510e+00
-1.250192904069385236e+02,4.567269141531322418e+01,-1.605162180974478048e+00
-1.250573670334668179e+02,4.549146171693735852e+01,-1.621718900097002036e+00
-1.250954436599951123e+02,4.531023201856149285e+01,-1.621267385371334191e+00
-1.251329986888997183e+02,4.513148491879350388e+01,-1.575249184115226964e+00
-1.251710753154279985e+02,4.495025522041763821e+01,-1.507704425910500134e+00
-1.252091519419562644e+02,4.476902552204176544e+01,-1.354219560784004406e+00
-1.252413858120241912e+02,4.458646043165467887e+01,-2.073335263221001590e+00
-1.252543729549285558e+02,4.439949640287770194e+01,-1.848029540353051781e+00
-1.252673600978329205e+02,4.421253237410072501e+01,-2.326334640276718879e+00
-1.252803472407372709e+02,4.402556834532374808e+01,-2.367500982523352171e+00
-1.252933343836416356e+02,4.383860431654676404e+01,-2.108203912502008226e+00
-1.253063215265460002e+02,4.365164028776978000e+01,-1.943700214127782822e+00
-1.253193086694503506e+02,4.346467625899281018e+01,-2.177359303920988420e+00
-1.253321179062875217e+02,4.328027338129496115e+01,-2.847684219237363923e+00
-1.253451050491918863e+02,4.309330935251797712e+01,-3.067576978417258182e+00
-1.253580921920962368e+02,4.290634532374100019e+01,-3.076722749016706615e+00
-1.253527774780732500e+02,4.271960227272727906e+01,-3.084496341266613761e+00
-1.253395678453756545e+02,4.253295454545454390e+01,-3.082155798412911540e+00
-1.253263582126780875e+02,4.234630681818182296e+01,-3.091772727272724008e+00
-1.253131485799805205e+02,4.215965909090909491e+01,-3.087290739498553371e+00
-1.252999389472829534e+02,4.197301136363636687e+01,-3.095485347347909588e+00
-1.252867293145853722e+02,4.178636363636363882e+01,-3.099844326250110971e+00
-1.252780435287020282e+02,4.166363636363636402e+01,-3.104996825838786112e+00
-1.287241312071132882e+02,4.984826325411334835e+01,-2.260690211269814398e+00
-1.285436731328617270e+02,4.971663619744058593e+01,-2.279478062157220375e+00
-1.283607086964677251e+02,4.958318098720292255e+01,-2.304180819472517516e+00
-1.281777442600737515e+02,4.944972577696526628e+01,-2.381089946275241509e+00
-1.279947798236797780e+02,4.931627056672760290e+01,-2.440595063985374846e+00
-1.278118153872858187e+02,4.918281535648994662e+01,-2.492872943327238300e+00
-1.276288509508918310e+02,4.904936014625229035e+01,-2.225191545341201227e+00
-1.274458865144978574e+02,4.891590493601462697e+01,-2.072133710404479245e+00
-1.272629220781038839e+02,4.878244972577697069e+01,-1.645653298097195183e+00
-1.270799576417099104e+02,4.864899451553930732e+01,-2.038797596441587423e+00
-1.268994995674583066e+02,4.851736745886654489e+01,-2.334892914758734062e+00
-1.267165351310643473e+02,4.838391224862888862e+01,-2.486037082401311604e+00
-1.265335706946703738e+02,4.825045703839122524e+01,-2.049280799262504171e+00
-1.263506062582764002e+02,4.811700182815356897e+01,-1.998937673193123876e+00
-1.261806394458492377e+02,4.797811839323468064e+01,-1.867211141481102343e+00
-1.261031001816304240e+02,4.780063424947145734e+01,-1.646962699509650685e+00
-1.260255609174115818e+02,4.762315010570824825e+01,-1.499340711483244659e+00
-1.259480216531927965e+02,4.744566596194503916e+01,-1.747181125331461304e+00
-1.258704823889739828e+02,4.726818181818182296e+01,-1.708936133927334566e+00
-1.257929431247551690e+02,4.709069767441860677e+01,-1.556504244714727259e+00
-1.257164660422379825e+02,4.691564482029599503e+01,-1.853293392991845812e+00
-1.256389267780191688e+02,4.673816067653277173e+01,-1.867760356012293954e+00
-1.255613875138003550e+02,4.656067653276956264e+01,-2.164832914601150460e+00
-1.254838482495815413e+02,4.638319238900634645e+01,-2.151045735422646210e+00
-1.254063089853627417e+02,4.620570824524313025e+01,-1.638571430693202879e+00
-1.253287697211439280e+02,4.602822410147992116e+01,-1.509765294171174999e+00
-1.252512304569251000e+02,4.585073995771670496e+01,-1.405438797640450987e+00
-1.251903154457563403e+02,4.567269141531323129e+01,-1.863698662834598618e+00
-1.252231007699605243e+02,4.549146171693736562e+01,-1.919783608831239663e+00
-1.252558860941647083e+02,4.531023201856149285e+01,-1.926565875216110779e+00
-1.252882223043387171e+02,4.513148491879351099e+01,-1.614790865421990018e+00
-1.253210076285429153e+02,4.495025522041763821e+01,-2.066772073103883223e+00
-1.253537929527470993e+02,4.476902552204177255e+01,-2.695289434865979938e+00
-1.253815474566747952e+02,4.458646043165468598e+01,-2.890749496402875707e+00
-1.253927298467504841e+02,4.439949640287770194e+01,-2.944244836779883023e+00
-1.254039122368261587e+02,4.421253237410072501e+01,-2.999207339295289820e+00
-1.254150946269018618e+02,4.402556834532374808e+01,-2.974805623698739687e+00
-1.254262770169775365e+02,4.383860431654676404e+01,-3.052428479954166107e+00
-1.254374594070532396e+02,4.365164028776978711e+01,-3.052383926757527455e+00
-1.254486417971289143e+02,4.346467625899281018e+01,-3.063174447761858765e+00
-1.254596710037789222e+02,4.328027338129496826e+01,-3.062628598369186328e+00
-1.254708533938545969e+02,4.309330935251798422e+01,-3.072999999999999954e+00
-1.254820357839302858e+02,4.290634532374101440e+01,-3.070627138176022619e+00
-1.254774596268968594e+02,4.271960227272727906e+01,-3.073928162137870679e+00
-1.254660856652280927e+02,4.253295454545454390e+01,-3.078849421614165305e+00
-1.254547117035593402e+02,4.234630681818181586e+01,-3.083772727272727554e+00
-1.254433377418905735e+02,4.215965909090909491e+01,-3.098098941946261231e+00
-1.254319637802218352e+02,4.197301136363636687e+01,-3.097406902978000254e+00
-1.254205898185530685e+02,4.178636363636364592e+01,-3.097431524559246974e+00
-1.254131110492366190e+02,4.166363636363636402e+01,-3.100000000000000089e+00
-1.288957795689141221e+02,4.984826325411334835e+01,-2.243666594114023916e+00
-1.287180931210472750e+02,4.971663619744057883e+01,-2.347827723822823121e+00
-1.285379388058489667e+02,4.958318098720292255e+01,-2.362147517912942085e+00
-1.283577844906506584e+02,4.944972577696526628e+01,-2.325631722243841626e+00
-1.281776301754523502e+02,4.931627056672761000e+01,-2.411363979416761616e+00
-1.279974758602540419e+02,4.918281535648994662e+01,-2.466616493083750417e+00
-1.278173215450557336e+02,4.904936014625228324e+01,-2.510772332963190578e+00
-1.276371672298574111e+02,4.891590493601462697e+01,-2.438008399199144804e+00
-1.274570129146591171e+02,4.878244972577696359e+01,-2.246159021127200894e+00
-1.272768585994607804e+02,4.864899451553930732e+01,-2.540530820565483960e+00
-1.270991721515939759e+02,4.851736745886654489e+01,-2.572633126254584734e+00
-1.269190178363956676e+02,4.838391224862888151e+01,-2.572000000000000064e+00
-1.267388635211973451e+02,4.825045703839122524e+01,-2.527840694089250384e+00
-1.265587092059990368e+02,4.811700182815356897e+01,-2.454074126021161817e+00
-1.263909656682930347e+02,4.797811839323466643e+01,-1.687959000022601908e+00
-1.263114765483101394e+02,4.780063424947145734e+01,-1.828243906651491058e+00
-1.262319874283272156e+02,4.762315010570824114e+01,-2.261689740615564492e+00
-1.261524983083443203e+02,4.744566596194503205e+01,-2.140814072634905862e+00
-1.260730091883614250e+02,4.726818181818182296e+01,-2.002859111791750468e+00
-1.259935200683785013e+02,4.709069767441860677e+01,-2.020496721045597965e+00
-1.259151198404501599e+02,4.691564482029598082e+01,-2.087542756103268005e+00
-1.258356307204672646e+02,4.673816067653277173e+01,-2.262209088171990512e+00
-1.257561416004843409e+02,4.656067653276956264e+01,-2.281799315198499212e+00
-1.256766524805014456e+02,4.638319238900635355e+01,-2.097264800877444380e+00
-1.255971633605185360e+02,4.620570824524313025e+01,-2.264946558739007187e+00
-1.255176742405356407e+02,4.602822410147992116e+01,-2.093058322516822223e+00
-1.254381851205527312e+02,4.585073995771670496e+01,-1.845288695188470829e+00
-1.253747542131088721e+02,4.567269141531323129e+01,-2.033216921865120597e+00
-1.254018332308851313e+02,4.549146171693735141e+01,-1.781487655210672871e+00
-1.254289122486613621e+02,4.531023201856149285e+01,-2.542489484328727567e+00
-1.254556203209886291e+02,4.513148491879350388e+01,-2.662053922492744640e+00
-1.254826993387648599e+02,4.495025522041763111e+01,-2.763937711324848667e+00
-1.255097783565411191e+02,4.476902552204177255e+01,-2.819087069140106205e+00
-1.255327021714940372e+02,4.458646043165467887e+01,-2.879934819768218635e+00
-1.255419382594996023e+02,4.439949640287770194e+01,-2.940111362058892563e+00
-1.255511743475051532e+02,4.421253237410071790e+01,-2.988694847246244457e+00
-1.255604104355107040e+02,4.402556834532374808e+01,-3.025366044325872306e+00
-1.255696465235162691e+02,4.383860431654676404e+01,-3.040999999999999925e+00
-1.255788826115218058e+02,4.365164028776978711e+01,-3.052674504170016956e+00
-1.255881186995273708e+02,4.346467625899281018e+01,-3.063036764837760995e+00
-1.255972282657794210e+02,4.328027338129496115e+01,-3.070000000000000284e+00
-1.256064643537849577e+02,4.309330935251799133e+01,-3.068850815270310228e+00
-1.256157004417905227e+02,4.290634532374101440e+01,-3.063039621746949326e+00
-1.256119207677850511e+02,4.271960227272727195e+01,-3.061287711673997602e+00
-1.256025264513434507e+02,4.253295454545454390e+01,-2.815919152544596571e+00
-1.255931321349018503e+02,4.234630681818181586e+01,-3.065243593933912880e+00
-1.255837378184602500e+02,4.215965909090908781e+01,-3.056868100186043158e+00
-1.255743435020186638e+02,4.197301136363637397e+01,-3.001806182210495777e+00
-1.255649491855770350e+02,4.178636363636363882e+01,-3.096949002062954648e+00
-1.255587721007935329e+02,4.166363636363636402e+01,-3.096999999999999975e+00
-1.290892740858532193e+02,4.984826325411334125e+01,-1.716053678113728331e+00
-1.289147120168201468e+02,4.971663619744058593e+01,-2.146982559297981652e+00
-1.287377254746060089e+02,4.958318098720292255e+01,-2.376453621389158499e+00
-1.285607389323919278e+02,4.944972577696526628e+01,-2.328847757258190931e+00
-1.283837523901777899e+02,4.931627056672760290e+01,-2.406818023130484541e+00
-1.282067658479637089e+02,4.918281535648994662e+01,-2.443547022122294354e+00
-1.280297793057495994e+02,4.904936014625228324e+01,-2.486982456654958540e+00
-1.278527927635354757e+02,4.891590493601462697e+01,-2.523580364399237830e+00
-1.276758062213213520e+02,4.878244972577696359e+01,-2.542405558930653786e+00
-1.274988196791072568e+02,4.864899451553930021e+01,-2.565321972265600436e+00
-1.273242576100741701e+02,4.851736745886654489e+01,-2.579331809872028369e+00
-1.271472710678600606e+02,4.838391224862888151e+01,-2.595845056286412600e+00
-1.269702845256459369e+02,4.825045703839122524e+01,-2.590587664582813421e+00
-1.267932979834318274e+02,4.811700182815356897e+01,-2.533776257175526236e+00
-1.266280606826842359e+02,4.797811839323466643e+01,-2.320379359823816490e+00
-1.265463735434763635e+02,4.780063424947145734e+01,-2.249688861620934510e+00
-1.264646864042684626e+02,4.762315010570824114e+01,-2.287902355444132674e+00
-1.263829992650605760e+02,4.744566596194502495e+01,-2.382114066167768662e+00
-1.263013121258527178e+02,4.726818181818181586e+01,-2.474481303709509916e+00
-1.262196249866448170e+02,4.709069767441860677e+01,-2.539928949425912741e+00
-1.261390568493438877e+02,4.691564482029598082e+01,-2.584618886971497442e+00
-1.260573697101360011e+02,4.673816067653277173e+01,-2.624118282110068812e+00
-1.259756825709281145e+02,4.656067653276954843e+01,-2.636896231285053904e+00
-1.258939954317202421e+02,4.638319238900634645e+01,-2.525061038497153909e+00
-1.258123082925123413e+02,4.620570824524313025e+01,-2.591260042283296539e+00
-1.257306211533044831e+02,4.602822410147992116e+01,-2.359326202318229981e+00
-1.256489340140965822e+02,4.585073995771670496e+01,-2.130963214176470721e+00
-1.255826670053971839e+02,4.567269141531322418e+01,-2.273328885422618573e+00
-1.256033134595637506e+02,4.549146171693735141e+01,-2.476117938624695203e+00
-1.256239599137303173e+02,4.531023201856149285e+01,-2.624983744072318270e+00
-1.256443235397576075e+02,4.513148491879350388e+01,-2.725170298814202141e+00
-1.256649699939241742e+02,4.495025522041763821e+01,-2.788970292741336898e+00
-1.256856164480907267e+02,4.476902552204175834e+01,-2.838753676588158470e+00
-1.257030947591084669e+02,4.458646043165467177e+01,-2.878749496402879249e+00
-1.257101368338713314e+02,4.439949640287770194e+01,-2.932267189389892614e+00
-1.257171789086341960e+02,4.421253237410071790e+01,-2.973607398503861798e+00
-1.257242209833970321e+02,4.402556834532373387e+01,-3.032980431434341817e+00
-1.257312630581598967e+02,4.383860431654676404e+01,-3.025761165645363793e+00
-1.257383051329227612e+02,4.365164028776978000e+01,-3.051796069539575829e+00
-1.257453472076856116e+02,4.346467625899280307e+01,-3.062391878927409383e+00
-1.257522928156708844e+02,4.328027338129496826e+01,-3.063222604429539864e+00
-1.257593348904337489e+02,4.309330935251798422e+01,-3.060999999999999943e+00
-1.257663769651965993e+02,4.290634532374100729e+01,-3.063453349345025778e+00
-1.257634951447862903e+02,4.271960227272727195e+01,-2.594304852682444817e+00
-1.257563324284189434e+02,4.253295454545454390e+01,-2.779370952248386928e+00
-1.257491697120515965e+02,4.234630681818181586e+01,-2.776081700321437751e+00
-1.257420069956842497e+02,4.215965909090908781e+01,-2.740537926670179925e+00
-1.257348442793169028e+02,4.197301136363636687e+01,-2.920894669231654639e+00
-1.257276815629495559e+02,4.178636363636363882e+01,-2.919947790869855453e+00
-1.257229718316394980e+02,4.166363636363636402e+01,-2.983785365066504713e+00
-1.293202191544579875e+02,4.984826325411334835e+01,-2.085969917884771263e+00
-1.291493861827425746e+02,4.971663619744059304e+01,-2.032547520571532651e+00
-1.289761805308644398e+02,4.958318098720292255e+01,-2.315119062317131160e+00
-1.288029748789863334e+02,4.944972577696526628e+01,-2.375576372923025925e+00
-1.286297692271081985e+02,4.931627056672761000e+01,-2.355573714847698064e+00
-1.284565635752300636e+02,4.918281535648994662e+01,-2.465098783308326436e+00
-1.282833579233519572e+02,4.904936014625229035e+01,-2.468653564899450537e+00
-1.281101522714738223e+02,4.891590493601462697e+01,-2.471449212462062839e+00
-1.279369466195956875e+02,4.878244972577696359e+01,-2.528208679669978309e+00
-1.277637409677175526e+02,4.864899451553931442e+01,-2.553202167747787854e+00
-1.275929079960021539e+02,4.851736745886654489e+01,-2.593708209045491486e+00
-1.274197023441240333e+02,4.838391224862888862e+01,-2.636803989438681217e+00
-1.272464966922459269e+02,4.825045703839122524e+01,-2.613659206139021585e+00
-1.270732910403677636e+02,4.811700182815356186e+01,-2.570104304482717428e+00
-1.269110450546995850e+02,4.797811839323468064e+01,-2.472164647795342063e+00
-1.268267344731909105e+02,4.780063424947145734e+01,-2.396240553438521381e+00
-1.267424238916822503e+02,4.762315010570824825e+01,-2.395382013635793950e+00
-1.266581133101735759e+02,4.744566596194503205e+01,-2.477167724532292059e+00
-1.265738027286649157e+02,4.726818181818181586e+01,-2.514165362029033624e+00
-1.264894921471562554e+02,4.709069767441860677e+01,-2.551719112893293673e+00
-1.264063365051202936e+02,4.691564482029598793e+01,-2.564724481900092723e+00
-1.263220259236116334e+02,4.673816067653277173e+01,-2.626414429600027578e+00
-1.262377153421029732e+02,4.656067653276956264e+01,-2.650551682104714590e+00
-1.261534047605943130e+02,4.638319238900634645e+01,-2.615317142542634699e+00
-1.260690941790856385e+02,4.620570824524313025e+01,-2.606696398690776739e+00
-1.259847835975769783e+02,4.602822410147992116e+01,-2.608961899451788025e+00
-1.259004730160682897e+02,4.585073995771670496e+01,-2.437847678141824570e+00
-1.258308209832896978e+02,4.567269141531323839e+01,-2.437275458263286065e+00
-1.258437898615350292e+02,4.549146171693736562e+01,-2.461864367015420996e+00
-1.258567587397803607e+02,4.531023201856149285e+01,-2.610933067086396608e+00
-1.258695499621593115e+02,4.513148491879351099e+01,-2.749662774422970912e+00
-1.258825188404046287e+02,4.495025522041763111e+01,-2.824196822455005584e+00
-1.258954877186499459e+02,4.476902552204176544e+01,-2.877806527236046019e+00
-1.259064665572289528e+02,4.458646043165468598e+01,-2.889801470137824069e+00
-1.259108899710247158e+02,4.439949640287770194e+01,-2.941241726618702756e+00
-1.259153133848204789e+02,4.421253237410072501e+01,-3.014052837961337161e+00
-1.259197367986162419e+02,4.402556834532374808e+01,-3.012909208633100189e+00
-1.259241602124120050e+02,4.383860431654676404e+01,-3.045835161215614040e+00
-1.259285836262077822e+02,4.365164028776978711e+01,-3.046795867026281357e+00
-1.259330070400035311e+02,4.346467625899281018e+01,-3.056498506354273559e+00
-1.259373698590897703e+02,4.328027338129496826e+01,-3.047468787775284849e+00
-1.259417932728855334e+02,4.309330935251799133e+01,-3.056000000000000050e+00
-1.259462166866812964e+02,4.290634532374101440e+01,-2.905690538757817798e+00
-1.259444064979813476e+02,4.271960227272727195e+01,-2.609805610310923729e+00
-1.259399073042832669e+02,4.253295454545454390e+01,-2.622583131889741459e+00
-1.259354081105852003e+02,4.234630681818182296e+01,-2.536606542594275204e+00
-1.259309089168870912e+02,4.215965909090909491e+01,-2.691715603761410947e+00
-1.259264097231890247e+02,4.197301136363637397e+01,-3.124256233942087846e+00
-1.259219105294909298e+02,4.178636363636363171e+01,-2.760403629782437918e+00
-1.259189521555524607e+02,4.166363636363636402e+01,-3.001443518788047271e+00
-1.295792521368119594e+02,4.984826325411334835e+01,-2.360791494514371536e+00
-1.294126018012771908e+02,4.971663619744059304e+01,-2.175836510543387448e+00
-1.292436368777488838e+02,4.958318098720292255e+01,-2.267273966583931877e+00
-1.290746719542205767e+02,4.944972577696526628e+01,-2.395490024457130662e+00
-1.289057070306922697e+02,4.931627056672761000e+01,-2.431211077138584642e+00
-1.287367421071639626e+02,4.918281535648995373e+01,-2.437190440820909298e+00
-1.285677771836356555e+02,4.904936014625228324e+01,-2.500766524072558283e+00
-1.283988122601073485e+02,4.891590493601462697e+01,-2.505897757782251656e+00
-1.282298473365790414e+02,4.878244972577697069e+01,-2.492491878333186417e+00
-1.280608824130507060e+02,4.864899451553930732e+01,-2.552814866577785669e+00
-1.278942320775159658e+02,4.851736745886654489e+01,-2.548663619744057751e+00
-1.277252671539876445e+02,4.838391224862888862e+01,-2.575203680254139815e+00
-1.275563022304593375e+02,4.825045703839122524e+01,-2.632594403927002613e+00
-1.273873373069310446e+02,4.811700182815356897e+01,-2.618419561243143789e+00
-1.272284464449329704e+02,4.797811839323467353e+01,-2.577832853587969986e+00
-1.271411933538166750e+02,4.780063424947146444e+01,-2.575559413655857721e+00
-1.270539402627003795e+02,4.762315010570824825e+01,-2.516673141364148325e+00
-1.269666871715840841e+02,4.744566596194503916e+01,-2.535550011493549860e+00
-1.268794340804677745e+02,4.726818181818181586e+01,-2.568195793730145393e+00
-1.267921809893514933e+02,4.709069767441860677e+01,-2.547110737189219432e+00
-1.267061231460587010e+02,4.691564482029598793e+01,-2.612939110108178031e+00
-1.266188700549423913e+02,4.673816067653277173e+01,-2.623365613734024659e+00
-1.265316169638261101e+02,4.656067653276956264e+01,-2.708552463989586823e+00
-1.264443638727097721e+02,4.638319238900634645e+01,-2.687293847160269866e+00
-1.263571107815934909e+02,4.620570824524313025e+01,-2.707663658081693292e+00
-1.262698576904771954e+02,4.602822410147992116e+01,-2.638370245352688048e+00
-1.261826045993609000e+02,4.585073995771670496e+01,-2.632217714654472296e+00
-1.261091558503853207e+02,4.567269141531322418e+01,-2.563837368964691610e+00
-1.261135133934757704e+02,4.549146171693735852e+01,-2.618397809100450502e+00
-1.261178709365662058e+02,4.531023201856148575e+01,-2.647034966063154471e+00
-1.261221687872855171e+02,4.513148491879350388e+01,-2.715820508948523671e+00
-1.261265263303759525e+02,4.495025522041763111e+01,-2.790011174909308167e+00
-1.261308838734663880e+02,4.476902552204175834e+01,-2.847928064256404657e+00
-1.261345727632289311e+02,4.458646043165467887e+01,-2.892498992805753844e+00
-1.261360590302643061e+02,4.439949640287770194e+01,-2.917691665473134854e+00
-1.261375452972996811e+02,4.421253237410072501e+01,-2.956691212563331117e+00
-1.261390315643350561e+02,4.402556834532374808e+01,-2.986305041671735161e+00
-1.261405178313704454e+02,4.383860431654676404e+01,-3.030469928057551776e+00
-1.261420040984058062e+02,4.365164028776978711e+01,-3.030982777872444967e+00
-1.261434903654411812e+02,4.346467625899281018e+01,-3.041142757650570072e+00
-1.261449562726541558e+02,4.328027338129496115e+01,-3.027000000000000135e+00
-1.261464425396895308e+02,4.309330935251797712e+01,-3.009023956171918535e+00
-1.261479288067248916e+02,4.290634532374100729e+01,-2.735265293661468977e+00
-1.261473205833217150e+02,4.271960227272727195e+01,-2.325447001759087584e+00
-1.261458088542391778e+02,4.253295454545455101e+01,-2.711336198473634163e+00
-1.261442971251566263e+02,4.234630681818181586e+01,-2.719230939845345585e+00
-1.261427853960740748e+02,4.215965909090908781e+01,-2.698609922417764206e+00
-1.261412736669915091e+02,4.197301136363636687e+01,-2.964559354156998783e+00
-1.261397619379089576e+02,4.178636363636363171e+01,-2.876583039499825745e+00
-1.261387679242656219e+02,4.166363636363636402e+01,-3.089621714148286902e+00
